disease_id,crop_name,disease_name,scientific_name,severity,confidence_score,symptoms,causes,organic_treatment,regenerative_prevention,brics_impact_zone
potato-late-blight,Potato,Potato Late Blight,Phytophthora infestans,High (Critical Yield Risk),0.964,"Dark brown to black water-soaked lesions on leaves and stems, with white mildew growth on underside in damp conditions.","Cool, wet humid weather (humidity >85%, temp 15-22°C). Spores travel via wind & rain splash.","Foliar spray of Copper Octanoate or Trichoderma viride bio-fungicide every 7 days. Prune infected stems immediately and burn.","Plant certified blight-resistant varieties (e.g. Kufri Girdhari). Maintain wide plant spacing for airflow and mulch with straw.","India (Himachal/Punjab), Russia (Krasnodar), China (Heilongjiang)"
wheat-stripe-rust,Wheat,Wheat Stripe (Yellow) Rust,Puccinia striiformis,High,0.941,"Yellowish-orange pustules arranged in distinct stripes parallel to leaf veins.","Cool temperatures (10-15°C) and high dew formation.","Foliar spray of Neem leaf extract (5%) mixed with Pseudomonas fluorescens bio-agent. Dust soil with bio-sulfur.","Adopt intercropping with leguminous crops (Chickpea/Fava Bean) to break fungal spore corridors across fields.","India (NW Plain Zone), China (Yellow River Basin), South Africa (Western Cape)"
corn-common-rust,Corn / Maize,Corn Common Rust,Puccinia sorghi,Moderate,0.912,"Oval to elongate reddish-brown pustules scattered across both upper and lower leaf surfaces.","High humidity and warm days combined with cool nights.","Bio-fungicide application of Bacillus subtilis. Spray fermented butter-milk solution mixed with copper sulfate.","Ensure crop rotation with non-cereal legumes (Soybean / Cowpea). Avoid over-application of synthetic nitrogen.","Brazil (Mato Grosso), South Africa (Free State), China (Black Soil)"
tomato-leaf-curl,Tomato,Tomato Leaf Curl Virus (ToLCV),Begomovirus ToLCV,Severe,0.973,"Upward curling and yellowing of leaf margins, stunted plant growth, aborted flower buds.","Vectored by Whitefly (Bemisia tabaci) during dry hot spells.","Yellow sticky traps (25 traps/ha). Spray bio-pesticide made from Neem oil (10,000 ppm) + garlic-chili extract.","Plant border crops of Maize or Sorghum as natural windbreaks to block vector whiteflies. Intercrop with Marigold.","India, Egypt, UAE, Ethiopia"
rice-bacterial-blight,Rice / Paddy,Rice Bacterial Leaf Blight,Xanthomonas oryzae,High,0.935,"Water-soaked wavy streaks along leaf margins that turn yellow-orange and dry up into straw-colored stripes.","High temperatures (28-34°C), heavy rainstorms, and excess standing water.","Drain standing water for 3 days. Apply fresh cow-dung filtrate (2%) mixed with copper oxychloride.","Practice System of Rice Intensification (SRI) with dry-seeding and alternate wetting/drying to reduce anaerobic bacterial proliferation.","India (Punjab/West Bengal), China (Yangtze Basin)"
apple-scab,Apple,Apple Scab,Venturia inaequalis,Moderate,0.925,"Olive-green velvety spots on leaves that turn dark brown and scabby on fruit.","High rainfall during spring bud break and cool damp nights.","Apply sulfur dust or liquid lime-sulfur bio-fungicide during early leaf expansion.","Prune canopy to promote air circulation and destroy fallen leaf litter in autumn.","Russia, China, India (Kashmir/Himachal)"
grape-black-rot,Grape,Grapevine Black Rot,Guignardia bidwellii,High,0.952,"Small reddish-brown spots on leaves that expand with dark margins; fruit shrivels into black mummies.","Warm, wet weather during early vine shoot emergence.","Spray Trichoderma harzianum or copper hydroxide bio-agent at 10-day intervals.","Remove and burn all mummified fruit clusters during winter pruning.","Brazil, Russia, South Africa"
citrus-canker,Citrus,Citrus Canker,Xanthomonas citri,Severe,0.968,"Raised corky brown lesions surrounded by a yellow halo on leaves, twigs, and fruit.","Wind-driven rainfall and citrus leafminer insect feeding damage.","Spray copper sulfate combined with neem oil extract. Quarantine infected saplings.","Plant windbreaks around orchards to reduce wind-blown rain droplet vectoring.","Brazil (Sao Paulo), India, UAE"
cotton-bacterial-blight,Cotton,Cotton Angular Leaf Spot,Xanthomonas malvacearum,High,0.948,"Angular dark brown lesions bounded by leaf veins; boll rot under humid conditions.","High atmospheric humidity and contaminated seed stock.","Seed treatment with Pseudomonas fluorescens bio-agent. Foliar spray of streptomycin sulfate + copper.","Use acid-delinted resistant seed varieties. Rotate with non-host leguminous cover crops.","India (Gujarat/Maharashtra), Egypt (Nile Delta)"
soybean-rust,Soybean,Asian Soybean Rust,Phakopsora pachyrhizi,Severe,0.981,"Tiny tan-to-reddish brown pustules on lower leaf surfaces causing premature defoliation.","Spore blown from overwintering leguminous weeds during moist summer winds.","Foliar bio-agent spray of Bacillus amyloliquefaciens combined with mineral oil.","Early planting of early-maturing cultivars. Intercrop with Safrinha Maize.","Brazil (Mato Grosso), South Africa, China"
